[
  {
    "id": "20be8ae4-eb34-404e-971b-b3df797b64cd",
    "data": [
      {
        "text": "turn ",
        "userDefined": false
      },
      {
        "text": "frog",
        "alias": "animal",
        "meta": "@animal",
        "userDefined": false
      },
      {
        "text": " into ",
        "userDefined": false
      },
      {
        "text": "blue",
        "alias": "color",
        "meta": "@sys.color",
        "userDefined": false
      }
    ],
    "isTemplate": false,
    "count": 0,
    "updated": 0
  },
  {
    "id": "bc7870ab-1db6-4a88-8236-53ed4a7525c7",
    "data": [
      {
        "text": "make ",
        "userDefined": false
      },
      {
        "text": "bird",
        "alias": "animal",
        "meta": "@animal",
        "userDefined": false
      },
      {
        "text": " ",
        "userDefined": false
      },
      {
        "text": "yellow",
        "alias": "color",
        "meta": "@sys.color",
        "userDefined": false
      }
    ],
    "isTemplate": false,
    "count": 0,
    "updated": 0
  },
  {
    "id": "9989bcee-7a89-48e4-95d5-42a6b56d74b6",
    "data": [
      {
        "text": "frog",
        "alias": "animal",
        "meta": "@animal",
        "userDefined": false
      },
      {
        "text": " ",
        "userDefined": false
      },
      {
        "text": "green",
        "alias": "color",
        "meta": "@sys.color",
        "userDefined": false
      }
    ],
    "isTemplate": false,
    "count": 0,
    "updated": 0
  },
  {
    "id": "adea1f65-e96f-4c8e-8017-9eac4b4babac",
    "data": [
      {
        "text": "change the color of ",
        "userDefined": false
      },
      {
        "text": "the dog",
        "alias": "animal",
        "meta": "@animal",
        "userDefined": false
      },
      {
        "text": " into ",
        "userDefined": false
      },
      {
        "text": "red",
        "alias": "color",
        "meta": "@sys.color",
        "userDefined": false
      }
    ],
    "isTemplate": false,
    "count": 0,
    "updated": 0
  },
  {
    "id": "821f9d14-61fb-4615-93fc-26aa0b7070b8",
    "data": [
      {
        "text": "paint ",
        "userDefined": false
      },
      {
        "text": "the dragon",
        "alias": "animal",
        "meta": "@animal",
        "userDefined": false
      },
      {
        "text": " into ",
        "userDefined": false
      },
      {
        "text": "pink",
        "alias": "color",
        "meta": "@sys.color",
        "userDefined": false
      }
    ],
    "isTemplate": false,
    "count": 0,
    "updated": 0
  }
]